Country,City,Longitude,Latitude,Temperature(F),Humidity(%),Cloudiness(%),Wind_Speed(mph)
SJ,Longyearbyen,15.64,78.22,42.8,75,75,24.16
PF,Atuona,-139.03,-9.8,78.49,75,0,19.06
SD,Kutum,24.67,14.2,74.77,61,90,11.14
GL,Nanortalik,-45.24,60.14,34.36,79,2,16.6
US,Kapaa,-159.32,22.08,81.75,66,1,6.93
AR,Ushuaia,-68.3,-54.8,33.8,80,75,21.92
SA,Buraidah,43.98,26.33,71.6,37,0,3.36
ZA,Prieska,22.75,-29.66,46.51,45,0,4.88
ID,Bengkulu,102.27,-3.8,85.57,58,85,7.16
KZ,Atbasar,68.33,51.8,45.79,58,76,6.31
MZ,Montepuez,39.0,-13.13,66.51,87,99,2.77
US,Hilo,-155.09,19.73,79.43,74,20,11.41
AU,New Norfolk,147.06,-42.78,60.76,61,100,3.0
MU,Bambous Virieux,57.76,-20.34,71.31,88,40,8.05
AU,Busselton,115.33,-33.65,61.9,85,98,5.01
US,Bethel,-73.41,41.37,69.3,100,90,5.82
CN,Ziyang,117.85,29.25,80.06,59,3,2.82
NZ,Mataura,168.86,-46.19,42.98,95,100,5.64
US,Glens Falls,-73.64,43.31,60.82,82,90,0.65
JP,Shingū,135.98,33.73,75.2,69,75,4.7
RU,Severo-Kuril'sk,156.12,50.68,55.08,68,96,10.45
AU,Hobart,147.33,-42.88,63.09,55,75,17.22
TZ,Kibondo,30.72,-3.59,63.55,86,74,1.68
VE,San Felipe,-68.74,10.34,73.09,85,79,3.65
NG,Modakeke,4.27,7.38,70.34,100,100,2.08
MX,General Bravo,-99.17,25.8,72.14,27,0,5.7
BR,São João da Barra,-41.05,-21.64,73.83,90,71,3.09
IN,Srinagar,74.82,34.08,61.25,35,0,1.59
EC,Puerto Ayora,-90.35,-0.74,68.0,90,93,7.0
RU,Chokurdakh,147.92,70.63,44.55,75,99,6.62
IN,Ziro,93.83,27.63,69.94,79,17,0.11
AU,Esperance,121.9,-33.87,62.6,72,75,10.29
CL,Ancud,-73.82,-41.87,39.07,86,96,11.41
NA,Lüderitz,15.16,-26.65,55.33,64,0,19.42
FI,Muhos,25.99,64.81,44.8,100,40,5.82
AE,Abu Dhabi,54.37,24.47,79.83,57,0,2.24
RU,Pevek,170.31,69.7,39.99,72,100,17.92
PF,Rikitea,-134.97,-23.12,69.78,78,76,22.55
CA,Saint-Augustin,-58.65,51.23,59.23,92,73,17.52
PF,Faanui,-151.75,-16.48,78.69,79,20,22.93
GB,West Calder,-3.57,55.85,48.4,87,20,6.93
IL,Kiryat Gat,34.76,31.61,73.67,85,0,4.47
KI,Butaritari,172.79,3.07,82.63,75,20,12.95
MX,Salina Cruz,-95.2,16.17,77.5,62,100,24.27
HK,Hong Kong,114.16,22.29,84.99,80,51,1.99
TL,Airai,125.41,-8.93,78.1,46,97,6.82
PE,Yurimaguas,-76.08,-5.9,72.23,96,100,1.21
CL,Coyhaique,-72.07,-45.58,35.6,59,19,3.36
RU,Solnechnyy,136.63,50.72,52.77,61,68,3.4
RU,Suksun,57.39,57.14,46.58,90,10,1.1
CA,Terrace Bay,-87.1,48.78,48.87,91,100,4.56
GA,Port-Gentil,8.78,-0.72,76.68,77,100,10.25
CK,Avarua,-159.78,-21.21,78.8,78,41,24.16
RU,Talnakh,88.4,69.49,30.2,100,1,11.18
CL,Punta Arenas,-70.92,-53.15,33.42,86,75,18.34
ID,Sorong,131.25,-0.88,80.85,76,91,5.39
US,Albany,-73.97,42.6,57.56,89,100,0.6
ID,Meulaboh,96.13,4.14,84.99,65,87,4.85
ZA,Cape Town,18.42,-33.93,53.67,71,38,9.17
ZA,Bredasdorp,20.04,-34.53,42.8,87,40,2.24
GL,Upernavik,-56.15,72.79,24.15,91,81,10.36
AU,Port Keats,129.55,-14.25,90.9,50,20,10.45
VN,Tuyen Quang,105.22,21.82,86.79,76,82,0.45
MV,Hithadhoo,73.08,-0.6,83.05,73,100,7.14
IN,Yārāda,83.27,17.65,77.0,100,90,2.24
JP,Hasaki,140.83,35.73,73.85,64,40,11.41
NO,Mehamn,27.85,71.04,49.03,85,40,7.2
CA,Yellowknife,-114.35,62.46,42.03,81,75,10.29
RU,Ostrovnoy,39.51,68.05,45.86,79,0,16.35
GL,Narsaq,-46.05,60.92,30.2,46,0,6.93
US,Jamestown,-79.24,42.1,54.91,87,90,5.82
CI,Guibéroua,-6.17,6.24,71.15,99,100,1.92
MU,Souillac,57.52,-20.52,71.6,88,40,8.05
PH,Languyan,120.08,5.26,86.76,65,96,3.42
US,Brigantine,-74.36,39.41,71.19,94,90,16.11
RU,Anadyr,177.48,64.75,43.45,81,79,8.95
AU,Port Lincoln,135.87,-34.73,62.92,70,100,22.73
BF,Léo,-2.1,11.1,72.97,95,68,6.24
UY,Chui,-53.46,-33.7,52.27,87,1,7.14
CA,Tuktoyaktuk,-133.04,69.45,35.6,100,75,2.24
AU,Hervey Bay,152.85,-25.3,75.99,51,36,5.99
RU,Khatanga,102.5,71.97,30.24,98,100,17.65
UA,Ralivka,23.24,49.5,52.38,93,75,11.18
TZ,Mlimba,35.82,-8.8,70.09,73,43,2.59
RU,Deputatsky,139.9,69.3,36.97,73,63,18.5
IS,Grindavik,-22.43,63.84,33.8,73,40,4.7
MX,Guerrero Negro,-114.06,27.98,81.21,47,0,6.85
RU,Saskylakh,114.08,71.92,30.67,93,10,5.73
BR,Trairi,-39.27,-3.28,78.21,79,64,14.18
AO,Mossamedes,12.15,-15.2,63.32,82,99,8.14
TO,Vaini,-175.2,-21.2,78.8,88,90,16.11
GB,Penzance,-5.54,50.12,54.68,87,100,18.34
NZ,Bluff,168.33,-46.6,49.77,77,88,17.96
RU,Provideniya,-173.3,64.38,44.6,65,90,4.47
JP,Tanabe,135.37,33.73,75.2,69,75,4.7
CL,Iquique,-70.14,-20.22,60.8,72,75,6.93
IN,Kanniyākumāri,77.57,8.08,81.91,72,41,16.58
US,Hamilton,-84.53,39.18,51.53,93,90,7.52
SB,Buala,159.59,-8.14,85.46,62,18,3.87
RU,Lebedinyy,125.52,58.52,40.77,75,100,7.58
RU,Taseyevo,94.9,57.22,36.1,80,9,4.68
AO,Saurimo,20.39,-9.66,67.28,91,100,1.19
US,Bay Saint Louis,-89.33,30.31,58.06,93,1,5.82
US,Lompoc,-120.46,34.64,59.31,87,90,8.05
SB,Auki,160.7,-8.77,84.11,76,15,8.55
IN,Pathalgaon,83.47,22.57,79.27,63,33,3.96
CA,Thompson,-97.86,55.74,46.4,87,75,2.24
US,Ketchikan,-131.65,55.34,57.2,82,90,3.36
GL,Qaanaaq,-69.36,77.48,14.11,79,3,6.69
US,Alamosa,-105.87,37.47,55.4,32,1,3.36
US,Morehead,-87.18,37.27,49.62,100,40,5.77
JP,Kushima,131.23,31.46,66.78,94,75,9.17
AU,Alice Springs,133.88,-23.7,75.88,31,0,11.41
US,Nantucket,-70.1,41.28,64.99,94,90,10.29
UA,Novopokrovka,36.55,49.84,59.0,41,100,17.9
MX,San Quintín,-115.95,30.48,77.74,53,0,5.7
RU,Lavrentiya,-171.0,65.58,37.45,78,0,2.93
US,Laguna,-121.42,38.42,82.62,39,1,6.67
JM,Montego Bay,-77.92,18.47,80.6,83,40,1.12
FI,Kemijärvi,27.43,66.71,42.8,95,87,3.4
ZA,Hermanus,19.23,-34.42,46.0,94,41,1.81
RU,Tevriz,72.4,57.51,40.28,72,100,7.9
ES,Muros,-9.06,42.78,49.77,87,12,4.07
CA,Hudson Bay,-102.38,52.85,48.49,68,51,8.12
ZA,Kruisfontein,24.73,-34.0,44.83,87,0,5.19
AR,Mar del Plata,-57.56,-38.0,59.7,67,35,8.05
BR,Cidreira,-50.21,-30.18,62.98,86,62,17.56
AU,Carnarvon,113.63,-24.87,77.0,36,0,11.41
SA,Sakakah,40.21,29.97,75.2,22,0,2.24
ZA,Port Elizabeth,25.57,-33.92,46.4,93,5,4.7
NO,Sørland,12.69,67.67,51.04,92,99,10.56
MX,Cabo San Lucas,-109.91,22.89,86.13,58,5,8.05
MR,Atar,-13.05,20.52,88.12,31,2,7.36
RU,Nyurba,118.33,63.28,35.58,77,100,4.56
MU,Mahébourg,57.7,-20.41,71.6,88,40,8.05
NC,Koumac,164.28,-20.57,73.2,62,6,21.92
FR,La Rochelle,-1.15,46.17,60.8,82,7,2.24
GB,Sandwick,-1.25,60.0,51.8,81,28,17.22
ZA,East London,27.91,-33.02,56.43,73,6,7.87
IN,Joshīmath,79.57,30.57,68.59,23,0,2.37
OM,Ruwi,58.55,23.6,84.2,79,0,4.7
BR,Paracuru,-39.03,-3.41,79.0,76,85,28.99
US,Saint Paul Harbor,-152.41,57.79,48.2,87,90,33.33
CN,Lingao,109.69,19.91,84.69,73,93,1.14
BR,Humaitá,-63.02,-7.51,74.52,85,100,3.36
RU,Tiksi,128.87,71.69,33.91,96,100,15.59
RU,Dvinskoy,45.12,62.15,47.91,88,87,4.61
AU,Flinders,150.86,-34.58,67.51,61,100,4.0
RU,Dikson,80.55,73.51,36.01,81,98,14.97
RU,Cherskiy,161.3,68.75,48.18,53,96,15.52
CL,Constitución,-72.42,-35.33,51.31,90,100,7.72
IN,Dharampuri,75.35,22.17,80.19,71,25,6.11
JP,Asaka,139.6,35.8,74.52,53,40,6.93
NU,Alofi,-169.92,-19.06,82.4,74,75,14.99
ZM,Nchelenge,28.73,-9.35,71.71,82,95,6.02
MZ,Dondo,34.74,-19.61,71.6,94,75,2.24
CL,Coquimbo,-71.34,-29.95,53.6,71,0,3.36
NZ,Ahipara,173.17,-35.17,57.69,57,7,10.02
RU,Batagay,134.63,67.63,39.78,62,1,17.78
RU,Anuchino,133.05,43.96,59.92,51,100,4.81
RU,Egvekinot,-179.17,66.32,33.91,90,98,2.89
AR,Bahía Blanca,-62.27,-38.72,59.16,33,3,5.19
PT,Ribeira Grande,-28.7,38.52,66.24,70,0,8.93
GL,Qaqortoq,-46.03,60.72,30.2,46,0,6.93
CD,Tshikapa,20.8,-6.42,71.71,92,100,0.94
MX,Nicolás Bravo,-88.92,18.45,73.81,98,98,2.48
ID,Ambon City,128.18,-3.7,79.48,81,79,7.78
IN,Along,94.77,28.17,82.67,64,21,1.05
IN,Bhachāu,70.35,23.28,81.34,71,0,10.71
RU,Nikolskoye,30.79,59.7,50.34,93,40,4.47
MX,Puerto Escondido,-97.07,15.85,78.8,69,40,1.95
ZA,Port Alfred,26.89,-33.59,52.84,76,15,4.72
AU,Yeppoon,150.73,-23.13,78.8,34,0,11.41
US,Havelock,-76.9,34.88,77.27,88,90,14.99
MX,San Patricio,-104.7,19.22,81.12,83,94,2.77
NE,Bilma,12.92,18.69,87.42,13,6,12.37
BR,Belmonte,-38.88,-15.86,77.0,78,40,6.93
US,Topeka,-95.68,39.05,60.67,39,1,6.93
CU,Río Cauto,-76.92,20.56,77.0,94,75,2.24
US,Casper,-106.31,42.87,59.16,23,1,6.93
RU,Kondinskoye,67.41,59.65,44.06,94,98,8.55
RU,Tot'ma,42.76,59.97,46.78,88,100,5.03
US,Sitka,-135.33,57.05,57.2,67,90,18.34
RU,Srednekolymsk,153.68,67.45,47.19,79,98,4.52
AU,Port Hedland,118.57,-20.32,98.6,9,0,23.04
PE,Lima,-77.03,-12.04,62.29,77,75,14.99
SO,Hobyo,48.53,5.35,76.51,85,25,13.09
NP,Jumla,82.18,29.27,64.0,94,0,1.01
PG,Lorengau,147.27,-2.02,86.4,66,67,10.67
NO,Vardø,31.11,70.37,49.6,85,3,6.08
GB,Aberdeen,-2.1,57.14,47.34,93,75,10.29
IN,Panvel,73.1,18.98,80.6,88,20,3.36
BR,Coxim,-54.76,-18.51,85.91,22,66,3.18
MY,George Town,100.34,5.41,84.09,79,20,3.36
BR,São Miguel,-35.37,-5.47,72.46,94,40,3.36
PT,Camacha,-16.33,33.08,69.8,68,75,11.41
MU,Grand Gaube,57.66,-20.01,71.01,85,95,4.0
LR,Harper,-7.72,4.38,76.17,90,94,10.22
US,Seaside,-121.85,36.61,60.24,92,6,1.45
FI,Jyvaskyla,25.72,62.24,51.91,100,90,4.7
MG,Ambilobe,49.05,-13.2,71.29,84,0,2.91
NC,Vao,167.48,-22.67,66.96,72,0,23.55
RE,Saint-Philippe,55.77,-21.36,60.94,72,30,5.82
LY,Waddān,16.14,29.16,71.71,79,0,4.7
IR,Ardakān,54.02,32.31,59.0,28,75,4.7
CN,Kumul,93.45,42.8,55.72,34,0,12.17
CN,Bamiantong,130.53,44.93,56.98,50,0,5.3
UA,Kyrylivka,35.37,46.38,64.38,90,100,16.73
DK,Skaerbaek,8.77,55.16,55.83,93,90,3.36
BR,Arraial do Cabo,-42.03,-22.97,73.17,92,99,10.51
US,Isla Vista,-119.86,34.41,76.26,53,1,8.05
JP,Nishihara,127.76,26.18,83.03,78,75,6.93
SB,Kirakira,161.92,-10.45,84.31,71,23,12.21
IN,Puri,85.85,19.8,80.6,100,75,4.7
CL,Lebu,-73.65,-37.62,46.62,88,85,13.91
PG,Kavieng,150.8,-2.57,83.91,69,100,2.35
US,Fort Myers Beach,-81.95,26.45,75.47,100,90,5.19
MN,Khovd,91.64,48.01,41.38,56,0,1.72
CO,Inírida,-67.92,3.87,74.21,95,91,2.53
BW,Kasane,25.15,-17.82,71.58,56,86,3.33
CN,Fuyang,115.82,32.9,75.04,61,0,7.63
RE,Saint-Pierre,55.48,-21.34,65.73,68,4,4.7
US,Portland,-122.68,45.52,72.25,44,40,0.6
CA,Havre-St-Pierre,-63.6,50.23,60.8,93,75,8.05
RU,Verkhnevilyuysk,120.32,63.45,36.81,73,40,5.75
ID,Kawalu,108.21,-7.38,81.28,68,70,4.72
AR,Santa Fe,-60.7,-31.63,64.0,66,0,1.99
RU,Lipin Bor,37.98,60.26,46.85,90,90,7.81
CA,Clyde River,-68.59,70.47,28.4,86,90,12.75
BR,Amapá,-52.0,1.0,74.84,85,96,4.16
NZ,Kaitangata,169.85,-46.28,51.01,66,98,7.0
US,Starkville,-88.82,33.45,54.48,93,1,5.48
CV,São Filipe,-24.5,14.9,79.57,75,16,8.57
NO,Berlevåg,29.09,70.86,50.23,83,47,7.63
SO,Bandarbeyla,50.81,9.49,78.3,76,50,17.54
US,North Bend,-124.22,43.41,64.8,77,90,6.93
ES,Jaca,-0.55,42.57,52.09,68,0,1.99
BR,Carutapera,-46.02,-1.2,77.49,86,1,5.88
GL,Tasiilaq,-37.64,65.61,32.0,92,99,4.7
ML,Kolokani,-8.03,13.57,77.72,58,34,6.71
ES,Villaviciosa,-5.44,43.48,54.57,77,0,3.42
US,Saint George,-113.58,37.1,78.71,9,1,4.7
CA,Norman Wells,-126.83,65.28,42.8,70,75,2.24
RU,Sos'va,61.86,59.18,43.45,94,1,3.0
GL,Nuuk,-51.72,64.18,30.11,68,0,13.87
TR,Erzurum Province,41.5,40.0,48.2,70,1,5.82
IS,Husavik,-17.34,66.04,35.6,93,90,3.36
US,Key West,-81.78,24.56,84.47,74,1,3.36
CA,La Ronge,-105.28,55.1,53.6,46,75,13.87
IN,Vejalpur,73.57,22.68,80.6,83,17,3.36
AO,Luanda,13.23,-8.84,71.6,88,75,4.7
RE,Saint-Joseph,55.62,-21.37,64.98,68,19,4.7
US,Altoona,-78.39,40.52,52.66,92,100,2.19
RU,Verkhoyansk,133.38,67.54,41.22,59,12,20.15
AR,San Vicente,-54.13,-26.62,73.83,62,95,3.65
RU,Chara,118.26,56.91,44.78,60,100,0.27
ZA,Hendrina,29.72,-26.16,51.01,91,84,5.99
EC,Muisne,-80.03,0.6,73.38,85,100,10.33
RU,Arman',150.17,59.7,46.51,70,100,5.66
BR,Itarema,-39.92,-2.92,78.33,81,15,17.16
MX,Rosarito,-117.03,32.33,75.22,61,40,10.29
PH,Dicabisagan,122.42,17.08,88.02,63,100,3.98
AU,Burnie,145.92,-41.07,53.92,83,100,10.0
PF,Tevaitoa,-151.5,-16.78,79.32,77,5,22.95
RU,Evensk,159.23,61.95,42.35,92,100,6.93
BR,Boca do Acre,-67.4,-8.75,72.77,94,100,2.53
SE,Luleå,22.15,65.58,46.4,93,86,3.98
NO,Sistranda,8.83,63.73,55.4,82,100,9.17
VU,Isangel,169.27,-19.55,80.6,69,75,17.22
RU,Zhigansk,123.37,66.77,33.53,87,100,14.65
RU,Mirny,113.96,62.54,30.2,74,100,4.47
CL,Calbuco,-73.13,-41.77,41.0,93,90,12.75
NE,Agadez,10.25,19.75,81.21,15,98,10.2
RU,Zolotukhino,36.38,52.08,54.7,35,88,20.13
RU,Sayanogorsk,91.4,53.09,35.26,89,100,3.83
MN,Ulaanbaatar,106.88,47.91,41.0,75,75,8.95
FR,Plouzané,-4.62,48.38,56.64,93,90,12.75
IT,Arezzo,11.87,43.47,51.28,96,14,3.0
BR,Caravelas,-39.25,-17.71,72.81,88,0,5.82
CA,Aklavik,-135.01,68.22,41.0,80,75,5.57
MX,Matamoros,-103.25,25.53,75.2,31,5,3.33
BR,Morros,-46.3,-9.45,81.79,29,37,5.35
US,Pacific Grove,-121.92,36.62,60.26,97,9,2.46
AR,Punta Alta,-62.07,-38.88,58.46,36,14,8.66
CA,Saint-Raymond,-73.61,45.47,56.68,93,90,4.7
RU,Krasnosel'kup,82.47,65.7,37.6,77,88,10.22
US,Yankton,-97.4,42.87,64.2,51,90,5.82
CA,Haines Junction,-137.51,60.75,41.59,67,100,1.48
PE,Pisco,-76.22,-13.7,62.35,82,17,12.75
DZ,Constantine,6.61,36.37,60.8,51,0,4.32
FR,Arrondissement du Havre,0.33,49.58,58.14,93,90,3.36
ID,Rantepao,119.9,-2.97,78.03,77,14,2.39
US,Fortuna,-124.16,40.6,59.67,100,1,5.82
US,Dickinson,-95.05,29.46,65.89,45,1,6.96
CA,Sicamous,-118.99,50.83,55.0,91,0,3.2
UA,Sobolivka,28.65,49.34,56.21,92,100,7.0
AR,Villa Carlos Paz,-64.5,-31.42,72.23,34,0,8.05
JP,Katsuura,140.3,35.13,74.17,56,20,6.93
NZ,Tuatapere,167.68,-46.13,47.68,77,96,8.37
MX,El Sauzal de Rodríguez,-116.68,31.9,71.01,89,0,4.63
RU,Tarko-Sale,77.78,64.92,41.0,86,94,11.7
US,San Ramon,-121.98,37.78,77.74,36,1,9.17
PE,Pacocha,-71.33,-17.58,58.71,82,90,2.86
FO,Klaksvík,-6.59,62.23,51.8,81,97,20.8
CA,Ucluelet,-125.55,48.93,63.0,81,0,9.62
BJ,Porto-Novo,2.6,6.5,78.8,88,40,13.87
CN,Hunchun,130.36,42.87,64.65,46,94,1.5
VU,Sola,167.55,-13.88,79.99,82,7,22.73
NC,Voh,164.7,-20.97,75.54,51,0,21.0
CA,Port Hardy,-127.42,50.7,59.0,87,40,3.51
GL,Sisimiut,-53.67,66.94,29.61,93,64,7.2
CN,Dali,100.18,25.7,71.92,67,42,3.78
MA,Safi,-9.24,32.3,67.44,90,98,6.51
MX,Camalú,-116.07,30.85,79.79,44,0,1.77
CN,Korla,86.15,41.76,52.0,80,0,1.01
RU,Nizhniy Odes,54.86,63.64,42.04,95,0,3.87
NA,Henties Bay,14.28,-22.12,52.0,92,0,3.29
TR,Samandağ,35.98,36.08,78.8,74,0,9.17
PT,Lagoa,-27.98,39.05,66.85,69,42,10.56
BR,São José da Coroa Grande,-35.15,-8.9,74.23,80,9,9.13
PK,Turbat,63.04,26.0,80.53,17,0,11.63
BR,Luzilândia,-42.37,-3.46,75.76,77,68,7.52
QA,Doha,51.53,25.29,90.63,66,0,2.24
ID,Banda Aceh,95.32,5.56,84.94,65,48,3.22
AR,General Roca,-67.58,-39.03,64.4,18,70,11.41
IN,Bhuj,69.67,23.27,79.57,75,0,9.44
RU,Tazovsky,78.7,67.47,39.61,89,93,11.54
US,Mayo,-76.51,38.89,60.46,100,90,11.41
JM,Lucea,-78.17,18.45,78.71,83,40,1.12
AU,Broken Hill,141.43,-31.95,66.2,55,75,10.29
CN,Altay,88.12,47.87,38.3,74,93,4.14
CO,Cartagena,-75.51,10.4,81.59,85,100,6.58
AU,Nelson Bay,152.15,-32.72,71.51,52,100,6.93
CA,Iqaluit,-68.51,63.75,28.4,74,75,9.17
CV,Vila do Maio,-23.22,15.13,78.8,78,20,10.29
IN,Chennai,80.28,13.09,78.8,78,90,8.05
IN,Kavaratti,72.64,10.57,80.53,81,95,11.86
ZA,Saldanha,17.94,-33.01,48.2,81,1,3.36
EC,Catarama,-79.47,-1.58,72.73,71,88,6.49
VN,Tuy Hoa,109.3,13.08,86.94,65,100,12.03
SE,Sundsvall,17.31,62.39,48.36,93,75,1.12
RU,Novaya Bryan’,108.27,51.72,46.4,70,40,4.47
MR,Nouadhibou,-17.03,20.93,71.6,78,0,18.34
BS,Marsh Harbour,-77.06,26.54,83.21,78,14,11.12
KZ,Derzhavīnsk,66.32,51.1,52.03,79,100,6.78
UY,Bella Union,-57.6,-30.28,60.15,89,5,6.85
BF,Gorom-Gorom,-0.24,14.44,85.12,60,26,14.07
PE,Sechura,-80.82,-5.56,62.98,80,0,10.76
CA,Torbay,-52.73,47.67,64.44,100,75,17.22
BW,Gweta,25.23,-20.18,67.62,60,35,7.85
GH,Esim,-2.24,4.87,75.34,92,99,8.79
KZ,Kostanay,63.58,53.17,37.4,100,90,4.63
RU,Bilibino,166.44,68.05,41.72,63,82,2.84
CO,Saravena,-71.88,6.95,72.01,87,66,3.04
UZ,Koson,65.58,39.04,50.0,61,0,4.7
AU,Mount Isa,139.5,-20.73,91.4,26,67,10.29
CA,Inuvik,-133.72,68.35,41.0,80,75,6.98
SB,Honiara,159.95,-9.43,87.8,74,20,16.11
GL,Ilulissat,-51.1,69.22,28.4,68,62,8.05
IN,Yanam,82.22,16.73,80.6,83,90,4.7
SE,Piteå,21.48,65.32,46.4,93,80,2.62
GA,Bitam,11.5,2.08,65.32,99,100,2.26
MX,Lázaro Cárdenas,-102.2,17.96,80.37,81,79,3.38
US,Barrow,-156.79,71.29,33.8,80,90,10.29
MU,Quatre Cocos,57.76,-20.21,71.29,88,40,8.05
RU,Loukhi,33.04,66.08,42.93,94,75,3.51
US,Eureka,-124.16,40.8,59.68,90,26,1.01
LK,Matara,80.54,5.95,78.39,85,100,8.48
BR,Jacareacanga,-57.75,-6.22,77.58,69,30,2.26
ZA,Richards Bay,32.04,-28.78,61.81,82,91,5.1
SA,Riyadh,46.72,24.69,75.2,27,0,3.36
US,Guthrie,-97.43,35.88,62.04,41,1,6.93
IN,Rāyadrug,76.87,14.7,70.99,91,100,13.91
GB,Margate,1.39,51.38,52.86,78,92,1.01
US,Green River,-109.47,41.53,64.4,11,1,16.11
BR,Conde,-34.91,-7.26,73.4,88,20,3.36
AR,San Juan,-68.54,-31.54,64.76,22,0,12.48
CL,Antofagasta,-70.4,-23.65,57.2,82,40,12.75
KY,Bodden Town,-81.25,19.28,82.0,84,11,5.17
ZM,Samfya,29.56,-11.36,64.71,53,1,3.24
BR,Vila Velha,-40.29,-20.33,77.0,83,75,8.05
TZ,Micheweni,39.83,-4.97,75.61,81,92,6.24
AR,San Miguel de Tucumán,-65.22,-26.82,71.6,43,0,9.17
AU,Bundaberg,152.35,-24.85,76.69,41,90,11.41
CA,Elliot Lake,-82.63,46.38,53.6,87,90,4.7
BR,Barreirinhas,-42.83,-2.75,77.59,81,100,8.08
PT,Ponta do Sol,-17.1,32.67,65.68,73,75,8.05
JP,Kamaishi,141.88,39.27,66.2,59,40,10.29
BR,São Félix do Xingu,-51.99,-6.64,76.98,70,25,0.65
JP,Nemuro,145.57,43.32,60.8,82,75,5.82
RU,Rochegda,43.25,62.8,44.08,95,90,4.9
RU,Londoko,131.98,49.03,54.59,43,0,6.2
PK,Hasilpur,72.56,29.71,87.8,25,0,8.86
US,Half Moon Bay,-122.43,37.46,63.81,93,90,6.93
CN,Jiayuguan City,98.3,39.82,47.03,52,15,2.71
NO,Inndyr,14.03,67.03,52.63,81,0,11.41
CO,Quipile,-74.56,4.75,57.2,67,40,4.7
US,Avera,-82.53,33.19,58.41,64,40,6.93
MX,Pajapan,-94.7,18.25,71.6,89,100,15.93
RU,Lvovskoye,38.64,44.99,62.46,58,100,3.0
IN,Rāzole,81.83,16.48,82.04,85,98,2.04
IN,Port Blair,92.75,11.67,83.82,77,72,19.28
MW,Mangochi,35.26,-14.48,69.46,50,0,4.56
MY,Marabu,114.01,4.41,87.4,66,40,5.82
CN,Fengzhen,113.15,40.44,56.8,61,50,9.98
CO,Sabana de Torres,-73.5,7.39,76.89,87,100,2.62
RU,Batagay-Alyta,130.41,67.8,35.42,71,100,13.35
AU,Codrington,141.97,-38.27,60.35,79,100,17.45
TM,Daşoguz,59.97,41.84,41.0,60,0,9.17
RU,Beringovskiy,179.32,63.05,43.75,68,31,3.31
RU,Vuktyl,57.31,63.86,42.53,94,82,4.41
US,College,-147.8,64.86,54.36,50,40,6.93
MY,Kuah,99.84,6.33,86.0,79,20,2.24
IN,Khonsa,95.57,27.02,78.28,79,34,2.66
MX,Isla Aguada,-91.47,18.78,80.76,84,49,16.26
ID,Nabire,135.48,-3.37,84.34,72,68,3.36
PL,Węgorzewo,21.74,54.22,48.09,94,97,9.6
UA,Kompaniyivka,32.21,48.25,61.68,91,100,8.16
ID,Padang,100.35,-0.95,85.23,59,75,3.04
AU,Byron Bay,153.62,-28.65,69.94,46,40,11.41
MG,Ambovombe,46.08,-25.17,66.45,93,5,7.23
BR,Bom Jesus,-44.36,-9.07,77.85,34,0,3.83
BR,Ipixuna,-48.8,-1.76,78.8,83,49,9.17
GB,Peterhead,-1.8,57.51,49.62,93,75,10.29
RU,Baykit,96.37,61.67,33.46,88,99,6.38
RU,Mezen',44.24,65.85,42.62,96,30,5.57
RU,Sinegorsk,142.5,47.17,59.0,72,40,2.24
NG,Nkwerre,7.11,5.76,71.17,98,98,1.63
BR,Touros,-35.46,-5.2,71.6,94,40,3.36
PG,Kimbe,150.14,-5.55,85.32,74,47,3.94
PT,Ponta Delgada,-25.67,37.73,64.4,68,20,5.82
SN,Oussouye,-16.55,12.48,80.6,100,40,2.24
KM,Domoni,44.53,-12.26,76.08,81,72,9.78
LY,Darnah,22.64,32.77,72.91,76,0,13.29
CM,Sangmélima,11.98,2.93,65.1,99,100,1.92
CA,Valleyview,-117.29,55.07,44.2,58,0,6.08
ZA,Graaff-Reinet,24.53,-32.25,44.04,62,0,2.71
BO,Riberalta,-66.1,-10.98,75.07,83,99,3.33
MX,Tomatlán,-105.25,19.93,77.4,93,98,2.51
RU,Timiryazevskiy,84.88,56.49,33.76,92,89,2.24
MZ,Inhambane,35.38,-23.86,71.96,86,92,8.57
RU,Frolovo,43.66,49.77,48.99,51,99,1.01
GA,Moanda,13.22,-1.56,69.87,93,100,1.88
BR,Castro,-50.01,-24.79,61.83,95,5,4.52
RU,Berdigestyakh,126.7,62.1,39.06,71,65,4.63
JP,Naze,129.48,28.37,76.08,94,75,9.17
CN,Jieshi,115.83,22.81,86.0,76,32,9.37
MY,Bintulu,113.03,3.17,86.0,79,40,5.82
RU,Kortkeros,51.58,61.81,35.6,100,20,4.47
BR,Aquiraz,-38.39,-3.9,80.6,74,40,18.34
IN,Naliya,68.83,23.27,81.23,74,0,9.6
RU,Sharanga,46.54,57.18,46.42,80,100,5.68
RU,Preobrazheniye,133.91,42.9,63.3,44,100,1.79
NE,Arlit,7.39,18.74,90.91,12,42,9.69
GR,Karpathos,27.21,35.51,73.4,78,0,10.29
IS,Hofn,-15.21,64.25,50.14,92,100,23.49
PE,Acarí,-74.62,-15.43,63.1,63,65,3.71
GL,Paamiut,-49.67,61.99,31.3,77,0,8.95
AR,Río Gallegos,-69.22,-51.62,33.8,64,37,26.4
CF,Gambo,22.26,4.65,67.12,97,100,0.98
ID,Labuhan,112.21,-6.88,86.85,56,33,4.41
CL,Copiapó,-70.33,-27.37,51.8,87,0,11.41
AU,Geraldton,114.6,-28.77,69.8,49,0,9.17
PA,Narganá,-78.59,9.44,81.34,81,98,3.6
US,Saint Anthony,-93.22,45.02,54.93,66,43,4.7
IS,Hvolsvollur,-20.22,63.75,33.01,98,28,1.99
CA,Whitehorse,-135.05,60.72,46.38,49,90,5.82
SA,Makkah al Mukarramah,39.83,21.43,76.68,76,0,2.48
EG,Aswān,32.91,24.09,81.23,25,0,7.49
AR,Venado Tuerto,-61.97,-33.75,61.5,59,0,5.01
IN,Tezu,96.17,27.92,86.92,50,53,2.62
US,Columbus,-83.0,39.96,52.9,81,40,5.82
IS,Vestmannaeyjar,-20.27,63.44,43.38,73,2,9.86
NZ,Dunedin,170.5,-45.87,52.0,60,75,23.0
PE,Chimbote,-78.58,-9.09,61.63,86,55,6.46
GD,Grenville,-61.62,12.12,82.4,88,20,11.41
AE,Sharjah city,55.4,25.36,82.94,74,0,8.05
BR,Valença,-39.07,-13.37,72.39,91,42,2.68
MG,Beloha,45.05,-25.17,68.29,89,45,8.75
US,Kahului,-156.47,20.89,81.43,52,20,13.87
ZA,Swellendam,20.44,-34.02,42.8,87,2,2.24
AU,Emerald,148.17,-23.53,77.0,41,2,16.11
AU,Ulladulla,150.47,-35.35,69.91,40,40,5.82
CN,Dingcheng,115.04,32.13,75.2,57,0,6.29
CD,Kampene,26.67,-3.6,65.55,97,89,1.7
US,Corpus Christi,-97.4,27.8,69.78,48,1,3.36
BO,Santa Cruz de la Sierra,-63.17,-17.8,73.4,78,0,12.75
US,Carlisle,-77.19,40.2,54.7,87,100,5.99
KZ,Kurchum,83.65,48.57,42.66,64,0,7.9
ID,Amuntai,115.25,-2.42,96.1,43,23,0.69
BR,São Miguel do Araguaia,-50.16,-13.28,84.85,21,2,4.61
MY,Jertih,102.49,5.73,78.4,94,40,4.7
YE,Aden,45.04,12.78,84.69,70,0,9.08
IN,Pāsighāt,95.33,28.07,86.43,56,0,2.64
US,Albemarle,-80.2,35.35,58.55,93,75,5.82
RU,Shalinskoye,93.76,55.72,33.94,87,1,5.21
US,West Wendover,-114.07,40.74,66.2,19,1,2.91
NZ,Wellington,174.78,-41.29,53.06,40,0,13.87
RU,Verkhniye Kigi,58.6,55.41,46.63,91,72,1.54
RU,Iskateley,53.15,67.68,41.65,92,26,8.77
CA,High Level,-117.14,58.52,51.8,57,20,6.93
BR,São Lourenço do Sul,-51.98,-31.37,59.0,90,74,7.43
RU,Leningradskiy,178.42,69.38,38.16,75,99,4.74
ML,Koulikoro,-7.75,14.0,79.02,50,0,7.27
EC,Palora,-77.93,-1.7,65.05,95,73,2.17
EG,Tanta,31.0,30.79,69.55,88,0,4.29
ET,Jinka,36.65,5.65,63.23,90,89,2.48
PG,Kiunga,141.29,-6.12,82.76,77,74,5.95
CA,La Tuque,-72.78,47.43,54.9,96,100,4.99
AR,Viedma,-63.0,-40.81,58.62,32,79,12.95
CO,Puerto Nariño,-70.38,-3.77,75.2,100,75,3.36
GB,Brae,-1.35,60.4,51.8,81,43,17.22
MX,Paredon,-93.87,16.03,80.01,64,100,11.21
MZ,Xai-Xai,33.64,-25.05,67.59,81,95,15.73
ID,Biak,122.88,-0.91,83.35,70,50,4.97
NO,Havøysund,24.66,71.0,48.2,87,47,4.7
MG,Mananara,49.77,-16.17,71.26,88,54,4.34
BR,Sena Madureira,-68.66,-9.07,73.0,95,100,0.87
US,Lamar,-95.58,33.67,58.5,67,1,3.36
NG,Afikpo,7.94,5.89,71.29,98,96,3.09
RU,Seymchan,152.43,62.88,46.94,62,100,7.9
SS,Raja,25.68,8.46,69.66,91,96,4.52
AU,Devonport,146.35,-41.17,54.45,82,100,1.01
ZA,Zastron,27.08,-30.3,34.7,78,0,3.0
PL,Gmina Opole Lubelskie,21.97,51.15,52.99,45,100,13.82
LK,Hambantota,81.12,6.12,77.0,100,40,10.29
CF,Ouadda,22.4,8.08,66.6,94,96,3.71
BR,Alenquer,-54.74,-1.94,78.8,94,0,4.7
SE,Härnösand,17.94,62.63,48.94,93,92,1.12
BR,Acaraú,-40.12,-2.89,77.43,84,10,17.34
IN,Ginda,78.49,30.69,69.8,83,20,4.7
US,Batavia,-88.31,41.85,52.77,76,90,5.82
CA,Pangnirtung,-65.71,66.15,26.49,86,0,6.85
RU,Savinka,47.1,50.08,52.21,56,27,9.86
CA,Matane,-67.52,48.83,60.89,93,90,12.75
JP,Muroto-misakicho,134.15,33.28,71.6,88,75,4.7
RU,Tynda,124.72,55.17,48.94,61,95,2.24
ID,Bondowoso,113.82,-7.91,89.26,46,31,1.1
BR,São Pedro do Sul,-54.18,-29.62,62.6,82,20,6.93
AF,Kunduz,68.86,36.73,54.37,61,100,1.68
MX,Pueblo Nuevo,-105.38,23.38,58.23,67,0,8.72
IN,Verāval,70.37,20.9,79.97,77,14,10.74
PK,Yazman,71.74,29.12,89.67,28,0,15.39
CN,Zhuhai,113.57,22.28,87.03,83,20,5.82
VU,Norsup,167.38,-16.07,84.2,70,20,11.41
FR,Arrondissement de Saint-Denis,2.33,48.92,59.25,82,90,4.7
CO,Mitú,-70.17,1.2,73.06,94,41,0.94
CF,Ippy,21.22,6.27,67.28,96,100,1.19
CA,Chapais,-74.85,49.78,51.8,87,90,6.93
FR,Arrondissement d'Ajaccio,8.92,42.0,57.2,87,90,6.93
CN,Dongsheng,109.98,39.82,61.0,62,66,16.73
TD,Moussoro,16.49,13.64,77.34,79,100,19.44
PH,Pundaguitan,126.17,6.37,83.26,73,55,3.11
